Workbook

Sheet by search term
A1: RegionID | B1: Region | C1: Hamburger | D1: Milkshake | E1: Breakup | F1: # of regions | G1: =COUNTA(B2:B52) -> 51 | I1: date range | J1: 2/1/24 - 2/28/25
A2: 1 | B2: Alabama | C2: 0.64 | D2: 0.24 | E2: 0.12
A3: 2 | B3: Alaska | C3: 0.72 | D3: 0.15 | E3: 0.13
A4: 3 | B4: Arizona | C4: 0.69 | D4: 0.19 | E4: 0.12
A5: 4 | B5: Arkansas | C5: 0.64 | D5: 0.23 | E5: 0.13
A6: 5 | B6: California | C6: 0.66 | D6: 0.19 | E6: 0.15
A7: 6 | B7: Colorado | C7: 0.67 | D7: 0.18 | E7: 0.15
A8: 7 | B8: Connecticut | C8: 0.63 | D8: 0.22 | E8: 0.15
A9: 8 | B9: Delaware | C9: 0.64 | D9: 0.23 | E9: 0.13
A10: 9 | B10: District of Columbia | C10: 0.67 | D10: 0.17 | E10: 0.16
A11: 10 | B11: Florida | C11: 0.63 | D11: 0.23 | E11: 0.14
A12: 11 | B12: Georgia | C12: 0.63 | D12: 0.23 | E12: 0.14
A13: 12 | B13: Hawaii | C13: 0.72 | D13: 0.15 | E13: 0.13
... A52: 51 | B52: Wyoming | C52: 0.71 | D52: 0.16 | E52: 0.13

Sheet by state
A1: Region | B1: Alabama | C1: Alaska | D1: Arizona | E1: Arkansas | F1: California | G1: Colorado | H1: Connecticut | I1: Delaware | J1: District of Columbia | K1: Florida | L1: Georgia | M1: Hawaii | N1: Idaho | O1: Illinois | P1: Indiana | Q1: Iowa | R1: Kansas | S1: Kentucky | T1: Louisiana | U1: Maine | V1: Maryland | W1: Massachusetts | X1: Michigan | Y1: Minnesota | Z1: Mississippi | AA1: Missouri | AB1: Montana | AC1: Nebraska | AD1: Nevada | AE1: New Hampshire | AF1: New Jersey | AG1: New Mexico | AH1: New York | AI1: North Carolina | AJ1: North Dakota | AK1: Ohio | AL1: Oklahoma | AM1: Oregon | AN1: Pennsylvania | AO1: Rhode Island | AP1: South Carolina | AQ1: South Dakota | AR1: Tennessee | AS1: Texas | AT1: Utah | AU1: Vermont | AV1: Virginia | AW1: Washington | AX1: West Virginia | AY1: Wisconsin | AZ1: Wyoming
A2: Hamburger | B2: 0.64 | C2: 0.72 | D2: 0.69 | E2: 0.64 | F2: 0.66 | G2: 0.67 | H2: 0.63 | I2: 0.64 | J2: 0.67 | K2: 0.63 | L2: 0.63 | M2: 0.72 | N2: 0.67 | O2: 0.61 | P2: 0.64 | Q2: 0.68 | R2: 0.7 | S2: 0.64 | T2: 0.66 | U2: 0.7 | V2: 0.6 | W2: 0.62 | X2: 0.69 | Y2: 0.66 | Z2: 0.68 | AA2: 0.67 | AB2: 0.75 | AC2: 0.69 | AD2: 0.68 | AE2: 0.64 | AF2: 0.6 | AG2: 0.68 | AH2: 0.64 | AI2: 0.63 | AJ2: 0.69 | AK2: 0.64 | AL2: 0.69 | AM2: 0.68 | AN2: 0.61 | AO2: 0.64 | AP2: 0.66 | AQ2: 0.75 | AR2: 0.65 | AS2: 0.67 | AT2: 0.67 | AU2: 0.7 | AV2: 0.65 | AW2: 0.68 | AX2: 0.64 | AY2: 0.66 | AZ2: 0.71
A3: Milkshake | B3: 0.24 | C3: 0.15 | D3: 0.19 | E3: 0.23 | F3: 0.19 | G3: 0.18 | H3: 0.22 | I3: 0.23 | J3: 0.17 | K3: 0.23 | L3: 0.23 | M3: 0.15 | N3: 0.19 | O3: 0.25 | P3: 0.23 | Q3: 0.19 | R3: 0.18 | S3: 0.23 | T3: 0.19 | U3: 0.17 | V3: 0.25 | W3: 0.21 | X3: 0.19 | Y3: 0.2 | Z3: 0.2 | AA3: 0.19 | AB3: 0.14 | AC3: 0.18 | AD3: 0.2 | AE3: 0.22 | AF3: 0.24 | AG3: 0.17 | AH3: 0.2 | AI3: 0.24 | AJ3: 0.19 | AK3: 0.23 | AL3: 0.19 | AM3: 0.18 | AN3: 0.23 | AO3: 0.23 | AP3: 0.23 | AQ3: 0.14 | AR3: 0.22 | AS3: 0.2 | AT3: 0.21 | AU3: 0.16 | AV3: 0.22 | AW3: 0.18 | AX3: 0.23 | AY3: 0.2 | AZ3: 0.16
A4: Breakup | B4: 0.12 | C4: 0.13 | D4: 0.12 | E4: 0.13 | F4: 0.15 | G4: 0.15 | H4: 0.15 | I4: 0.13 | J4: 0.16 | K4: 0.14 | L4: 0.14 | M4: 0.13 | N4: 0.14 | O4: 0.14 | P4: 0.13 | Q4: 0.13 | R4: 0.12 | S4: 0.13 | T4: 0.15 | U4: 0.13 | V4: 0.15 | W4: 0.17 | X4: 0.12 | Y4: 0.14 | Z4: 0.12 | AA4: 0.14 | AB4: 0.11 | AC4: 0.13 | AD4: 0.12 | AE4: 0.14 | AF4: 0.16 | AG4: 0.15 | AH4: 0.16 | AI4: 0.13 | AJ4: 0.12 | AK4: 0.13 | AL4: 0.12 | AM4: 0.14 | AN4: 0.16 | AO4: 0.13 | AP4: 0.11 | AQ4: 0.11 | AR4: 0.13 | AS4: 0.13 | AT4: 0.12 | AU4: 0.14 | AV4: 0.13 | AW4: 0.14 | AX4: 0.13 | AY4: 0.14 | AZ4: 0.13

Sheet sales region lookup
A1: State | B1: Sales Region | C1: Hamburger | D1: Milkshake
A2: Washington | B2: Northwest | C2: =VLOOKUP('sales region lookup'!A2, 'by search term'!B:C, 2, FALSE) -> 0.68 | D2: =_xlfn.XLOOKUP(A2, 'by search term'!B1:B52, 'by search term'!D1:D52, "not found") -> 0.18
A3: Oregon | B3: Northwest | C3: =VLOOKUP('sales region lookup'!A3, 'by search term'!B:C, 2, FALSE) -> 0.68 | D3: =_xlfn.XLOOKUP(A3, 'by search term'!B2:B53, 'by search term'!D2:D53, "not found") -> 0.18
A4: Idaho | B4: Northwest | C4: =VLOOKUP('sales region lookup'!A4, 'by search term'!B:C, 2, FALSE) -> 0.67 | D4: =_xlfn.XLOOKUP(A4, 'by search term'!B3:B54, 'by search term'!D3:D54, "not found") -> 0.19
A5: Montana | B5: Northwest | C5: =VLOOKUP('sales region lookup'!A5, 'by search term'!B:C, 2, FALSE) -> 0.75 | D5: =_xlfn.XLOOKUP(A5, 'by search term'!B4:B55, 'by search term'!D4:D55, "not found") -> 0.14
A6: North Dakota | B6: North Central | C6: =VLOOKUP('sales region lookup'!A6, 'by search term'!B:C, 2, FALSE) -> 0.69 | D6: =_xlfn.XLOOKUP(A6, 'by search term'!B5:B56, 'by search term'!D5:D56, "not found") -> 0.19
A7: South Dakota | B7: North Central | C7: =VLOOKUP('sales region lookup'!A7, 'by search term'!B:C, 2, FALSE) -> 0.75 | D7: =_xlfn.XLOOKUP(A7, 'by search term'!B6:B57, 'by search term'!D6:D57, "not found") -> 0.14
A8: Nebraska | B8: North Central | C8: =VLOOKUP('sales region lookup'!A8, 'by search term'!B:C, 2, FALSE) -> 0.69 | D8: =_xlfn.XLOOKUP(A8, 'by search term'!B7:B58, 'by search term'!D7:D58, "not found") -> 0.18
A9: Minnesota | B9: North Central | C9: =VLOOKUP('sales region lookup'!A9, 'by search term'!B:C, 2, FALSE) -> 0.66 | D9: =_xlfn.XLOOKUP(A9, 'by search term'!B8:B59, 'by search term'!D8:D59, "not found") -> 0.2
A10: Wisconsin | B10: North Central | C10: =VLOOKUP('sales region lookup'!A10, 'by search term'!B:C, 2, FALSE) -> 0.66 | D10: =_xlfn.XLOOKUP(A10, 'by search term'!B9:B60, 'by search term'!D9:D60, "not found") -> 0.2
A11: Michigan | B11: North Central | C11: =VLOOKUP('sales region lookup'!A11, 'by search term'!B:C, 2, FALSE) -> 0.69 | D11: =_xlfn.XLOOKUP(A11, 'by search term'!B10:B61, 'by search term'!D10:D61, "not found") -> 0.19
A13: Sales Region | B13: (All)
A15: Row Labels | B15: Sum of Hamburger | C15: Sum of Milkshake
A16: Idaho | B16: 0.67 | C16: 0.19
A17: Michigan | B17: 0.69 | C17: 0.19
A18: Minnesota | B18: 0.66 | C18: 0.2
A19: Montana | B19: 0.75 | C19: 0.14
A20: Nebraska | B20: 0.69 | C20: 0.18
A21: North Dakota | B21: 0.69 | C21: 0.19
A22: Oregon | B22: 0.68 | C22: 0.18
A23: South Dakota | B23: 0.75 | C23: 0.14
A24: Washington | B24: 0.68 | C24: 0.18
A25: Wisconsin | B25: 0.66 | C25: 0.2
A26: Grand Total | B26: 6.92 | C26: 1.79
